{
 "tr": 30.380532291666672,
 "cv": 7.672806527777781,
 "tt": 4.825919131944442
}