{
 "tr": {
  "total_hr": 28.87402826967602,
  "g_info": {
   "MF": 14872,
   "MM": 5893,
   "FF": 9235
  }
 },
 "cv": {
  "total_hr": 7.776535115740748,
  "g_info": {
   "MF": 4025,
   "MM": 1573,
   "FF": 2402
  }
 },
 "tt": {
  "total_hr": 4.665703333333325,
  "g_info": {
   "MF": 2451,
   "MM": 1525,
   "FF": 1024
  }
 }
}